internetna_hitrost,čas_html,čas_csv,strani
322510488.39119494,6.166205644607544,0.13020014762878418,3
